,,,,,,,,,,,,Party,,,,,,,,,,,test,,
AK-AL,Alaska,AK,2,94,81,US House,0,Don Young,Republican,FALSE,Alyse S. Galvin,Democrat,FALSE,total,131199,282166,FALSE,20200424,46,53,,,,46,53
AL-01,Alabama,AL,1,63,41,US House,1,Bradley Byrne,Republican,FALSE,Robert Kennedy Jr.,Democrat,FALSE,total,89226,242617,FALSE,20200424,37,63,,,,37,63
AL-02,Alabama,AL,1,63,41,US House,2,Martha Roby,Republican,FALSE,Tabitha Isner,Democrat,FALSE,total,86931,226230,FALSE,20200424,38,61,,,,38,61
AL-03,Alabama,AL,1,63,41,US House,3,Mike Rogers,Republican,FALSE,Mallory Hagan,Democrat,FALSE,total,83996,231915,FALSE,20200424,36,64,,,,36,64
AL-04,Alabama,AL,1,63,41,US House,4,Robert Aderholt,Republican,FALSE,Lee Auman,Democrat,FALSE,total,46492,230969,FALSE,20200424,20,80,,,,20,80
AL-05,Alabama,AL,1,63,41,US House,5,Mo Brooks,Republican,FALSE,Peter Joffrion,Democrat,FALSE,total,101388,260673,FALSE,20200424,39,61,,,,39,61
AL-06,Alabama,AL,1,63,41,US House,6,Gary Palmer,Republican,FALSE,Danner Kline,Democrat,FALSE,total,85644,278328,FALSE,20200424,31,69,,,,31,69
AL-07,Alabama,AL,1,63,41,US House,7,No Major Opponent,,FALSE,Terri Sewell,Democrat,FALSE,total,185010,189163,FALSE,20200424,98,98,,,*,98,98
AR-01,Arkansas,AR,5,71,42,US House,1,Rick Crawford,Republican,FALSE,Chintan Desai,Democrat,FALSE,total,57907,201245,FALSE,20200424,29,69,,,,29,69
AR-02,Arkansas,AR,5,71,42,US House,2,French Hill,Republican,FALSE,Clarke Tucker,Democrat,FALSE,total,116135,253453,FALSE,20200424,46,52,,,,46,52
AR-03,Arkansas,AR,5,71,42,US House,3,Steve Womack,Republican,FALSE,Josh Mahony,Democrat,FALSE,total,74952,229708,FALSE,20200424,33,65,,,,33,65
AR-04,Arkansas,AR,5,71,42,US House,4,Bruce Westerman,Republican,FALSE,Hayden Catherine Shamel,Democrat,FALSE,total,63984,204892,FALSE,20200424,31,67,,,,31,67
AZ-01,Arizona,AZ,4,86,61,US House,1,Wendy Rogers,Republican,FALSE,Tom O'Halleran,Democrat,FALSE,total,143240,266089,FALSE,20200424,54,46,,,,54,46
AZ-02,Arizona,AZ,4,86,61,US House,2,Lea Marquez Peterson,Republican,FALSE,Ann Kirkpatrick,Democrat,FALSE,total,161000,294152,FALSE,20200424,55,45,,,,55,45
AZ-03,Arizona,AZ,4,86,61,US House,3,"Nicolas """"Nick"""" Pierson",Republican,FALSE,Raul Grijalva,Democrat,FALSE,total,114650,179518,FALSE,20200424,64,36,,,,64,36
AZ-04,Arizona,AZ,4,86,61,US House,4,Paul Gosar,Republican,FALSE,David Brill,Democrat,FALSE,total,84521,277035,FALSE,20200424,31,68,,,,31,68
AZ-05,Arizona,AZ,4,86,61,US House,5,Andy Biggs,Republican,FALSE,Joan Greene,Democrat,FALSE,total,127027,313064,FALSE,20200424,41,59,,,,41,59
AZ-06,Arizona,AZ,4,86,61,US House,6,David Schweikert,Republican,FALSE,Anita Malik,Democrat,FALSE,total,140559,313699,FALSE,20200424,45,55,,,,45,55
AZ-07,Arizona,AZ,4,86,61,US House,7,No Major Opponent,,FALSE,Ruben Gallego,Democrat,FALSE,total,113044,132051,FALSE,20200424,86,86,,,*,86,86
AZ-08,Arizona,AZ,4,86,61,US House,8,Debbie Lesko,Republican,FALSE,Hiral Tipirneni,Democrat,FALSE,total,135569,304417,FALSE,20200424,45,55,,,,45,55
AZ-09,Arizona,AZ,4,86,61,US House,9,Stephen L Ferrara,Republican,FALSE,Greg Stanton,Democrat,FALSE,total,159583,261245,FALSE,20200424,61,39,,,,61,39
CA-01,California,CA,6,93,71,US House,1,Doug La Malfa,Republican,FALSE,Audrey Denney,Democrat,FALSE,total,131548,291594,FALSE,20200424,45,55,,,,45,55
CA-02,California,CA,6,93,71,US House,2,Dale K. Mensing,Republican,FALSE,Jared Huffman,Democrat,FALSE,total,243081,315657,FALSE,20200424,77,23,,,,77,23
CA-03,California,CA,6,93,71,US House,3,Charlie Schaupp,Republican,FALSE,John Garamendi,Democrat,FALSE,total,134875,232251,FALSE,20200424,58,42,,,,58,42
CA-04,California,CA,6,93,71,US House,4,Tom McClintock,Republican,FALSE,Jessica Morse,Democrat,FALSE,total,156253,340654,FALSE,20200424,46,54,,,,46,54
CA-05,California,CA,6,93,71,US House,5,No Major Opponent,,FALSE,Mike Thompson,Democrat,FALSE,total,205860,261018,FALSE,20200424,79,79,,,*,79,79
CA-06,California,CA,6,93,71,US House,6,Jrmar Jefferson,Democrat,FALSE,Doris Matsui,Democrat,FALSE,total,162411,201939,FALSE,20200424,80,20,,,,80,20
CA-07,California,CA,6,93,71,US House,7,Andrew Grant,Republican,FALSE,Ami Bera,Democrat,FALSE,total,155016,281617,FALSE,20200424,55,45,,,,55,45
CA-09,California,CA,6,93,71,US House,9,Marla Livengood,Republican,FALSE,Jerry McNerney,Democrat,FALSE,total,113414,200763,FALSE,20200424,56,44,,,,56,44
CA-10,California,CA,6,93,71,US House,10,Jeff Denham,Republican,FALSE,Josh Harder,Democrat,FALSE,total,115945,221900,FALSE,20200424,52,48,,,,52,48
CA-11,California,CA,6,93,71,US House,11,John Fitzgerald,Republican,FALSE,Mark DeSaulnier,Democrat,FALSE,total,204369,275681,FALSE,20200424,74,26,,,,74,26
CA-12,California,CA,6,93,71,US House,12,Lisa Remmer,Republican,FALSE,Nancy Pelosi,Democrat,FALSE,total,275292,317072,FALSE,20200424,87,13,,,,87,13
CA-13,California,CA,6,93,71,US House,13,No Major Opponent,,FALSE,Barbara Lee,Democrat,FALSE,total,260580,294837,FALSE,20200424,88,88,,,*,88,88
CA-14,California,CA,6,93,71,US House,14,Cristina Osmena,Republican,FALSE,Jackie Speier,Democrat,FALSE,total,211384,266823,FALSE,20200424,79,21,,,,79,21
CA-15,California,CA,6,93,71,US House,15,Rudy L. Peters Jr.,Republican,FALSE,Eric Swalwell,Democrat,FALSE,total,177989,243929,FALSE,20200424,73,27,,,,73,27
CA-16,California,CA,6,93,71,US House,16,Elizabeth Heng,Republican,FALSE,Jim Costa,Democrat,FALSE,total,82266,142959,FALSE,20200424,58,42,,,,58,42
CA-17,California,CA,6,93,71,US House,17,Ron Cohen,Republican,FALSE,Ro Khanna,Democrat,FALSE,total,159105,211162,FALSE,20200424,75,25,,,,75,25
CA-18,California,CA,6,93,71,US House,18,Christine Russell,Republican,FALSE,Anna G. Eshoo,Democrat,FALSE,total,225142,302238,FALSE,20200424,74,26,,,,74,26
CA-19,California,CA,6,93,71,US House,19,Justin James Aguilera,Republican,FALSE,Zoe Lofgren,Democrat,FALSE,total,162496,220319,FALSE,20200424,74,26,,,,74,26
CA-20,California,CA,6,93,71,US House,20,No Major Opponent,,FALSE,Jimmy Panetta,Democrat,FALSE,total,183677,225721,FALSE,20200424,81,81,,,*,81,81
CA-21,California,CA,6,93,71,US House,21,David G. Valadao,Republican,FALSE,TJ Cox,Democrat,FALSE,total,57239,113616,FALSE,20200424,50,50,,,,50,50
CA-22,California,CA,6,93,71,US House,22,Devin G. Nunes,Republican,FALSE,Andrew Janz,Democrat,FALSE,total,105136,222379,FALSE,20200424,47,53,,,,47,53
CA-23,California,CA,6,93,71,US House,23,Kevin McCarthy,Republican,FALSE,Tatiana Matta,Democrat,FALSE,total,74661,205774,FALSE,20200424,36,64,,,,36,64
CA-24,California,CA,6,93,71,US House,24,Justin Fareed,Republican,FALSE,Salud Carbajal,Democrat,FALSE,total,166550,284431,FALSE,20200424,59,41,,,,59,41
CA-25,California,CA,6,93,71,US House,25,Steve Knight,Republican,FALSE,Katie Hill,Democrat,FALSE,total,133209,245022,FALSE,20200424,54,46,,,,54,46
CA-26,California,CA,6,93,71,US House,26,"Antonio Sabato, Jr.",Republican,FALSE,Julia Brownley,Democrat,FALSE,total,158216,255426,FALSE,20200424,62,38,,,,62,38
CA-27,California,CA,6,93,71,US House,27,Judy Chu,Democrat,FALSE,Bryan Witt,Democrat,FALSE,total,42132,202636,FALSE,20200424,21,79,,,,21,79
CA-28,California,CA,6,93,71,US House,28,Johnny J. Nalbandian,Republican,FALSE,Adam B. Schiff,Democrat,FALSE,total,196662,250934,FALSE,20200424,78,22,,,,78,22
CA-29,California,CA,6,93,71,US House,29,Benito Benny Bernal,Republican,FALSE,Tony Cardenas,Democrat,FALSE,total,124697,154692,FALSE,20200424,81,19,,,,81,19
CA-30,California,CA,6,93,71,US House,30,Mark S. Reed,Republican,FALSE,Brad Sherman,Democrat,FALSE,total,191573,260993,FALSE,20200424,73,27,,,,73,27
CA-31,California,CA,6,93,71,US House,31,Sean Flynn,Republican,FALSE,Pete Aguilar,Democrat,FALSE,total,110143,187495,FALSE,20200424,59,41,,,,59,41
CA-32,California,CA,6,93,71,US House,32,Joshua M. Scott,Republican,FALSE,Grace Flores Napolitano,Democrat,FALSE,total,121759,177031,FALSE,20200424,69,31,,,,69,31
CA-33,California,CA,6,93,71,US House,33,Kenneth Weston Wright,Republican,FALSE,Ted W. Lieu,Democrat,FALSE,total,219091,312860,FALSE,20200424,70,30,,,,70,30
CA-34,California,CA,6,93,71,US House,34,No Major Opponent,,FALSE,Jimmy Gomez,Democrat,FALSE,total,110195,151906,FALSE,20200424,73,73,,,*,73,73
CA-35,California,CA,6,93,71,US House,35,Christian Leonel Valiente,Republican,FALSE,Norma J. Torres,Democrat,FALSE,total,103420,149024,FALSE,20200424,69,31,,,,69,31
CA-36,California,CA,6,93,71,US House,36,Kimberlin Brown Pelzer,Republican,FALSE,Raul Ruiz,Democrat,FALSE,total,122169,207008,FALSE,20200424,59,41,,,,59,41
CA-37,California,CA,6,93,71,US House,37,Ron J. Bassilian,Republican,FALSE,Karen Bass,Democrat,FALSE,total,210555,236378,FALSE,20200424,89,11,,,,89,11
CA-38,California,CA,6,93,71,US House,38,Ryan Downing,Republican,FALSE,Linda T. Sanchez,Democrat,FALSE,total,139188,202156,FALSE,20200424,69,31,,,,69,31
CA-39,California,CA,6,93,71,US House,39,Young Kim,Republican,FALSE,Gil Cisneros,Democrat,FALSE,total,126002,244393,FALSE,20200424,52,48,,,,52,48
CA-40,California,CA,6,93,71,US House,40,No Major Opponent,,FALSE,Lucille Roybal-Allard,Democrat,FALSE,total,93938,121449,FALSE,20200424,77,77,,,*,77,77
CA-41,California,CA,6,93,71,US House,41,Aja Smith,Republican,FALSE,Mark Takano,Democrat,FALSE,total,108227,166248,FALSE,20200424,65,35,,,,65,35
CA-42,California,CA,6,93,71,US House,42,Ken Calvert,Republican,FALSE,Julia C Peacock,Democrat,FALSE,total,100892,231932,FALSE,20200424,44,56,,,,44,56
CA-43,California,CA,6,93,71,US House,43,Omar Navarro,Republican,FALSE,Maxine Waters,Democrat,FALSE,total,152272,196052,FALSE,20200424,78,22,,,,78,22
CA-44,California,CA,6,93,71,US House,44,Nanette Diaz Barragan,Democrat,FALSE,Aja L. Brown,Democrat,FALSE,total,45378,143322,FALSE,20200424,32,68,,,,32,68
CA-45,California,CA,6,93,71,US House,45,Mimi Walters,Republican,FALSE,Katie Porter,Democrat,FALSE,total,158906,305289,FALSE,20200424,52,48,,,,52,48
CA-46,California,CA,6,93,71,US House,46,Russell Rene Lambert,Republican,FALSE,Lou Correa,Democrat,FALSE,total,102278,147916,FALSE,20200424,69,31,,,,69,31
CA-47,California,CA,6,93,71,US House,47,John Briscoe,Republican,FALSE,Alan Lowenthal,Democrat,FALSE,total,143354,221036,FALSE,20200424,65,35,,,,65,35
CA-48,California,CA,6,93,71,US House,48,Dana Rohrabacher,Republican,FALSE,Harley Rouda,Democrat,FALSE,total,157837,294736,FALSE,20200424,54,46,,,,54,46
CA-49,California,CA,6,93,71,US House,49,Diane L. Harkey,Republican,FALSE,Mike Levin,Democrat,FALSE,total,166453,295030,FALSE,20200424,56,44,,,,56,44
CA-50,California,CA,6,93,71,US House,50,Duncan Hunter,Republican,FALSE,Ammar Campa-Najjar,Democrat,FALSE,total,125448,259810,FALSE,20200424,48,52,,,,48,52
CA-51,California,CA,6,93,71,US House,51,Juan M. Hidalgo Jr.,Republican,FALSE,Juan Vargas,Democrat,FALSE,total,109527,153828,FALSE,20200424,71,29,,,,71,29
CA-52,California,CA,6,93,71,US House,52,Omar Qudrat,Republican,FALSE,Scott Peters,Democrat,FALSE,total,188992,296007,FALSE,20200424,64,36,,,,64,36
CA-53,California,CA,6,93,71,US House,53,Morgan Murtaugh,Republican,FALSE,Susan A. Davis,Democrat,FALSE,total,185667,268794,FALSE,20200424,69,31,,,,69,31
CO-01,Colorado,CO,8,84,62,US House,1,Charles Casper Stockham,Republican,FALSE,Diana DeGette,Democrat,FALSE,total,272886,369693,FALSE,20200424,74,23,,,,74,23
CO-02,Colorado,CO,8,84,62,US House,2,Peter Yu,Republican,FALSE,Joe Neguse,Democrat,FALSE,total,259608,430614,FALSE,20200424,60,34,,,,60,34
CO-03,Colorado,CO,8,84,62,US House,3,Scott R. Tipton,Republican,FALSE,Diane Mitsch Bush,Democrat,FALSE,total,146426,336189,FALSE,20200424,44,52,,,,44,52
CO-04,Colorado,CO,8,84,62,US House,4,Ken Buck,Republican,FALSE,Karen McCormick,Democrat,FALSE,total,145544,369582,FALSE,20200424,39,61,,,,39,61
CO-05,Colorado,CO,8,84,62,US House,5,Doug Lamborn,Republican,FALSE,Stephany Rose Spaulding,Democrat,FALSE,total,126848,322645,FALSE,20200424,39,57,,,,39,57
CO-06,Colorado,CO,8,84,62,US House,6,Mike Coffman,Republican,FALSE,Jason Crow,Democrat,FALSE,total,187639,346817,FALSE,20200424,54,43,,,,54,43
CO-07,Colorado,CO,8,84,62,US House,7,Mark Barrington,Republican,FALSE,Ed Perlmutter,Democrat,FALSE,total,204260,338006,FALSE,20200424,60,35,,,,60,35
CT-01,Connecticut,CT,9,16,1,US House,1,Jennifer T Nye,Republican,FALSE,John B Larson,Democrat,FALSE,total,166155,274140,FALSE,20200424,61,35,,,,61,35
CT-02,Connecticut,CT,9,16,1,US House,2,Danny Postemski Jr,Republican,FALSE,Joe Courtney,Democrat,FALSE,total,167659,289114,FALSE,20200424,58,35,,,,58,35
CT-03,Connecticut,CT,9,16,1,US House,3,Angel Cadena,Republican,FALSE,Rosa L DeLauro,Democrat,FALSE,total,163211,270239,FALSE,20200424,64,35,,,,64,35
CT-04,Connecticut,CT,9,16,1,US House,4,Harry Arora,Republican,FALSE,Jim Himes,Democrat,FALSE,total,168726,275651,FALSE,20200424,61,37,,,,61,37
CT-05,Connecticut,CT,9,16,1,US House,5,Manny Santos,Republican,FALSE,Jahana Hayes,Democrat,FALSE,total,142901,270664,FALSE,20200424,53,43,,,,53,43
DE-AL,Delaware,DE,10,51,11,US House,0,Scott Walker,Republican,FALSE,Lisa Blunt Rochester,Democrat,FALSE,total,227353,352737,FALSE,20200424,64,36,,,,64,36
FL-01,Florida,FL,12,59,43,US House,1,Matt Gaetz,Republican,FALSE,Jennifer M. Zimmerman,Democrat,FALSE,total,106199,322388,FALSE,20200424,33,67,,,,33,67
FL-02,Florida,FL,12,59,43,US House,2,Neal Dunn,Republican,FALSE,Bob Rackleff,Democrat,FALSE,total,96233,295568,FALSE,20200424,33,67,,,,33,67
FL-03,Florida,FL,12,59,43,US House,3,Ted Yoho,Republican,FALSE,Yvonne Hayes Hinson,Democrat,FALSE,total,129880,306496,FALSE,20200424,42,58,,,,42,58
FL-04,Florida,FL,12,59,43,US House,4,John H. Rutherford,Republican,FALSE,George 'Ges' Selmont,Democrat,FALSE,total,123351,381249,FALSE,20200424,32,65,,,,32,65
FL-05,Florida,FL,12,59,43,US House,5,Virginia Fuller,Republican,FALSE,Al Lawson,Democrat,FALSE,total,180527,270326,FALSE,20200424,67,33,,,,67,33
FL-06,Florida,FL,12,59,43,US House,6,Michael Waltz,Republican,FALSE,Nancy Soderberg,Democrat,FALSE,total,145758,333649,FALSE,20200424,44,56,,,,44,56
FL-07,Florida,FL,12,59,43,US House,7,Mike Miller,Republican,FALSE,Stephanie Murphy,Democrat,FALSE,total,183113,317398,FALSE,20200424,58,42,,,,58,42
FL-08,Florida,FL,12,59,43,US House,8,Bill Posey,Republican,FALSE,Sanjay Patel,Democrat,FALSE,total,142415,360527,FALSE,20200424,40,60,,,,40,60
FL-09,Florida,FL,12,59,43,US House,9,Wayne Liebnitzky,Republican,FALSE,Darren Soto,Democrat,FALSE,total,172172,296737,FALSE,20200424,58,42,,,,58,42
FL-10,Florida,FL,12,59,43,US House,10,No Major Opponent,,FALSE,Val Demings,Democrat,FALSE,total,1,1,FALSE,20200424,100,100,,,*,100,100
FL-11,Florida,FL,12,59,43,US House,11,Daniel Webster,Republican,FALSE,Dana Cottrell,Democrat,FALSE,total,128053,367506,FALSE,20200424,35,65,,,,35,65
FL-12,Florida,FL,12,59,43,US House,12,Gus Michael Bilirakis,Republican,FALSE,Chris Hunter,Democrat,FALSE,total,132844,334918,FALSE,20200424,40,58,,,,40,58
FL-13,Florida,FL,12,59,43,US House,13,George Buck,Republican,FALSE,Charlie Crist,Democrat,FALSE,total,182717,316971,FALSE,20200424,58,42,,,,58,42
FL-14,Florida,FL,12,59,43,US House,14,No Major Opponent,,FALSE,Kathy Castor,Democrat,FALSE,total,1,1,FALSE,20200424,100,100,,,*,100,100
FL-15,Florida,FL,12,59,43,US House,15,Ross Spano,Republican,FALSE,Kristen Carlson,Democrat,FALSE,total,134132,285532,FALSE,20200424,47,53,,,,47,53
FL-16,Florida,FL,12,59,43,US House,16,Vern Buchanan,Republican,FALSE,David Shapiro,Democrat,FALSE,total,164463,361946,FALSE,20200424,45,55,,,,45,55
FL-17,Florida,FL,12,59,43,US House,17,Greg Steube,Republican,FALSE,Allen Ellison,Democrat,FALSE,total,117194,310520,FALSE,20200424,38,62,,,,38,62
FL-18,Florida,FL,12,59,43,US House,18,Brian Mast,Republican,FALSE,Lauren Baer,Democrat,FALSE,total,156454,342359,FALSE,20200424,46,54,,,,46,54
FL-19,Florida,FL,12,59,43,US House,19,Francis Rooney,Republican,FALSE,David Holden,Democrat,FALSE,total,128106,339607,FALSE,20200424,38,62,,,,38,62
FL-20,Florida,FL,12,59,43,US House,20,No Major Opponent,,FALSE,Alcee L. Hastings,Democrat,FALSE,total,202659,202824,FALSE,20200424,100,100,,,*,100,100
FL-21,Florida,FL,12,59,43,US House,21,No Major Opponent,,FALSE,Lois Frankel,Democrat,FALSE,total,1,1,FALSE,20200424,100,100,,,*,100,100
FL-22,Florida,FL,12,59,43,US House,22,Nicolas Kimaz,Republican,FALSE,Ted Deutch,Democrat,FALSE,total,184634,297683,FALSE,20200424,62,38,,,,62,38
FL-23,Florida,FL,12,59,43,US House,23,Joseph 'Joe' Kaufman,Republican,FALSE,Debbie Wasserman Schultz,Democrat,FALSE,total,161611,276366,FALSE,20200424,58,36,,,,58,36
FL-24,Florida,FL,12,59,43,US House,24,No Major Opponent,,FALSE,Frederica Wilson,Democrat,FALSE,total,1,1,FALSE,20200424,100,100,,,*,100,100
FL-25,Florida,FL,12,59,43,US House,25,Mario Diaz-Balart,Republican,FALSE,Mary Barzee Flores,Democrat,FALSE,total,84173,212845,FALSE,20200424,40,60,,,,40,60
FL-26,Florida,FL,12,59,43,US House,26,Carlos Curbelo,Republican,FALSE,Debbie Mucarsel-Powell,Democrat,FALSE,total,119797,235475,FALSE,20200424,51,49,,,,51,49
FL-27,Florida,FL,12,59,43,US House,27,Maria Elvira Salazar,Republican,FALSE,Donna Shalala,Democrat,FALSE,total,130743,252586,FALSE,20200424,52,46,,,,52,46
GA-01,Georgia,GA,13,58,44,US House,1,"Earl L. """"""""Buddy"""""""" Carter",Republican,FALSE,Lisa M. Ring,Democrat,FALSE,total,105942,250683,FALSE,20200424,42,58,,,,42,58
GA-02,Georgia,GA,13,58,44,US House,2,Herman West Jr,Republican,FALSE,Sanford Bishop,Democrat,FALSE,total,136699,229171,FALSE,20200424,60,40,,,,60,40
GA-03,Georgia,GA,13,58,44,US House,3,Drew Ferguson,Republican,FALSE,Chuck Enderlin,Democrat,FALSE,total,101010,293006,FALSE,20200424,34,66,,,,34,66
GA-04,Georgia,GA,13,58,44,US House,4,Joe Profit,Republican,FALSE,"Henry C """"""""Hank"""""""" Johnson Jr",Democrat,FALSE,total,227717,288809,FALSE,20200424,79,21,,,,79,21
GA-05,Georgia,GA,13,58,44,US House,5,No Major Opponent,,FALSE,John R. Lewis,Democrat,FALSE,total,275406,275406,FALSE,20200424,100,100,,,*,100,100
GA-06,Georgia,GA,13,58,44,US House,6,Karen Handel,Republican,FALSE,Lucy McBath,Democrat,FALSE,total,160139,317014,FALSE,20200424,51,49,,,,51,49
GA-07,Georgia,GA,13,58,44,US House,7,Rob Woodall,Republican,FALSE,Carolyn Bourdeaux,Democrat,FALSE,total,140011,280441,FALSE,20200424,50,50,,,,50,50
GA-09,Georgia,GA,13,58,44,US House,9,Doug Collins,Republican,FALSE,Josh McCall,Democrat,FALSE,total,57912,282573,FALSE,20200424,20,80,,,,20,80
GA-10,Georgia,GA,13,58,44,US House,10,Jody Hice,Republican,FALSE,Tabitha A. Johnson-Green,Democrat,FALSE,total,112339,302735,FALSE,20200424,37,63,,,,37,63
GA-11,Georgia,GA,13,58,44,US House,11,Barry Loudermilk,Republican,FALSE,Flynn D. Broady Jr,Democrat,FALSE,total,118653,310540,FALSE,20200424,38,62,,,,38,62
GA-12,Georgia,GA,13,58,44,US House,12,Rick W. Allen,Republican,FALSE,Francys Johnson,Democrat,FALSE,total,101503,250489,FALSE,20200424,41,59,,,,41,59
GA-13,Georgia,GA,13,58,44,US House,13,David Callahan,Republican,FALSE,David Scott,Democrat,FALSE,total,223157,292917,FALSE,20200424,76,24,,,,76,24
GA-14,Georgia,GA,13,58,44,US House,14,Tom Graves,Republican,FALSE,Steven Lamar Foster,Democrat,FALSE,total,53981,229724,FALSE,20200424,23,77,,,,23,77
HI-01,Hawaii,HI,15,95,82,US House,1,Cam Cavasso,Republican,FALSE,Ed Case,Democrat,FALSE,total,134650,184211,FALSE,20200424,73,23,,,,73,23
HI-02,Hawaii,HI,15,95,82,US House,2,Brian Evans,Republican,FALSE,Tulsi Gabbard,Democrat,FALSE,total,153271,198121,FALSE,20200424,77,23,,,,77,23
IA-01,Iowa,IA,19,42,31,US House,1,Rod Blum,Republican,FALSE,Abby Finkenauer,Democrat,FALSE,total,170342,334243,FALSE,20200424,51,46,,,,51,46
IA-02,Iowa,IA,19,42,31,US House,2,Christopher Peters,Republican,FALSE,Dave Loebsack,Democrat,FALSE,total,171446,312913,FALSE,20200424,55,43,,,,55,43
IA-03,Iowa,IA,19,42,31,US House,3,David Young,Republican,FALSE,Cindy Axne,Democrat,FALSE,total,175642,356241,FALSE,20200424,49,47,,,,49,47
IA-04,Iowa,IA,19,42,31,US House,4,Steve King,Republican,FALSE,J.D. Scholten,Democrat,FALSE,total,147246,313251,FALSE,20200424,47,50,,,,47,50
ID-01,Idaho,ID,16,82,63,US House,1,Russ Fulcher,Republican,FALSE,Cristina McNeil,Democrat,FALSE,total,96922,315069,FALSE,20200424,31,63,,,,31,63
ID-02,Idaho,ID,16,82,63,US House,2,Mike Simpson,Republican,FALSE,Aaron Swisher,Democrat,FALSE,total,110381,280655,FALSE,20200424,39,61,,,,39,61
IL-01,Illinois,IL,17,33,21,US House,1,"Jimmy Lee Tillman, Ii",Republican,FALSE,Bobby L. Rush,Democrat,FALSE,total,189560,257885,FALSE,20200424,74,20,,,,74,20
IL-02,Illinois,IL,17,33,21,US House,2,David Merkle,Republican,FALSE,Robin Kelly,Democrat,FALSE,total,190684,235251,FALSE,20200424,81,19,,,,81,19
IL-03,Illinois,IL,17,33,21,US House,3,Arthur J. Jones,Republican,FALSE,Daniel William Lipinski,Democrat,FALSE,total,163053,223334,FALSE,20200424,73,26,,,,73,26
IL-04,Illinois,IL,17,33,21,US House,4,Mark Wayne Lorch,Republican,FALSE,Jesus \Chuy\ Garcia,Democrat,FALSE,total,143895,166189,FALSE,20200424,87,13,,,,87,13
IL-05,Illinois,IL,17,33,21,US House,5,Tom Hanson,Republican,FALSE,Mike Quigley,Democrat,FALSE,total,213992,279131,FALSE,20200424,77,23,,,,77,23
IL-06,Illinois,IL,17,33,21,US House,6,Peter J. Roskam,Republican,FALSE,Sean Casten,Democrat,FALSE,total,169001,315446,FALSE,20200424,54,46,,,,54,46
IL-07,Illinois,IL,17,33,21,US House,7,Craig Cameron,Republican,FALSE,Danny K. Davis,Democrat,FALSE,total,215746,246243,FALSE,20200424,88,12,,,,88,12
IL-08,Illinois,IL,17,33,21,US House,8,Jitendra \Jd\ Diganvker,Republican,FALSE,Raja Krishnamoorthi,Democrat,FALSE,total,130054,197127,FALSE,20200424,66,34,,,,66,34
IL-09,Illinois,IL,17,33,21,US House,9,John D. Elleson,Republican,FALSE,Janice D. Schakowsky,Democrat,FALSE,total,213368,290351,FALSE,20200424,73,27,,,,73,27
IL-10,Illinois,IL,17,33,21,US House,10,Douglas R. Bennett,Republican,FALSE,Brad Schneider,Democrat,FALSE,total,156540,238664,FALSE,20200424,66,34,,,,66,34
IL-11,Illinois,IL,17,33,21,US House,11,Nick Stella,Republican,FALSE,Bill Foster,Democrat,FALSE,total,145407,227765,FALSE,20200424,64,36,,,,64,36
IL-12,Illinois,IL,17,33,21,US House,12,Mike Bost,Republican,FALSE,Brendan Kelly,Democrat,FALSE,total,118724,261543,FALSE,20200424,45,52,,,,45,52
IL-13,Illinois,IL,17,33,21,US House,13,Rodney Davis,Republican,FALSE,Betsy Dirksen Londrigan,Democrat,FALSE,total,134458,270981,FALSE,20200424,50,50,,,,50,50
IL-14,Illinois,IL,17,33,21,US House,14,Randall M. \Randy\ Hultgren,Republican,FALSE,Lauren Underwood,Democrat,FALSE,total,156035,297199,FALSE,20200424,53,47,,,,53,47
IL-15,Illinois,IL,17,33,21,US House,15,John M. Shimkus,Republican,FALSE,Kevin Gaither,Democrat,FALSE,total,74309,255608,FALSE,20200424,29,71,,,,29,71
IL-16,Illinois,IL,17,33,21,US House,16,Adam Kinzinger,Republican,FALSE,Sara Dady,Democrat,FALSE,total,104569,255825,FALSE,20200424,41,59,,,,41,59
IL-17,Illinois,IL,17,33,21,US House,17,William W. \Bill\ Fawell,Republican,FALSE,Cheri Bustos,Democrat,FALSE,total,142659,229749,FALSE,20200424,62,38,,,,62,38
IL-18,Illinois,IL,17,33,21,US House,18,Darin Lahood,Republican,FALSE,Junius Rodriguez,Democrat,FALSE,total,95486,291413,FALSE,20200424,33,67,,,,33,67
IN-01,Indiana,IN,18,32,22,US House,1,Mark Leyva,Republican,FALSE,Peter J. Visclosky,Democrat,FALSE,total,159611,245209,FALSE,20200424,65,35,,,,65,35
IN-02,Indiana,IN,18,32,22,US House,2,Jackie Walorski,Republican,FALSE,Mel Hall,Democrat,FALSE,total,103363,228889,FALSE,20200424,45,55,,,,45,55
IN-03,Indiana,IN,18,32,22,US House,3,Jim Banks,Republican,FALSE,Courtney Tritch,Democrat,FALSE,total,86610,245537,FALSE,20200424,35,65,,,,35,65
IN-04,Indiana,IN,18,32,22,US House,4,Jim Baird,Republican,FALSE,Tobi Beck,Democrat,FALSE,total,87824,244363,FALSE,20200424,36,64,,,,36,64
IN-05,Indiana,IN,18,32,22,US House,5,Susan W. Brooks,Republican,FALSE,Dee Thornton,Democrat,FALSE,total,137142,317177,FALSE,20200424,43,57,,,,43,57
IN-06,Indiana,IN,18,32,22,US House,6,Greg Pence,Republican,FALSE,Jeannine Lee Lake,Democrat,FALSE,total,79430,241726,FALSE,20200424,33,64,,,,33,64
IN-07,Indiana,IN,18,32,22,US House,7,"Wayne """"Gunny"""" Harmon",Republican,FALSE,Andre D. Carson,Democrat,FALSE,total,141139,217596,FALSE,20200424,65,35,,,,65,35
IN-08,Indiana,IN,18,32,22,US House,8,Larry D. Bucshon,Republican,FALSE,William Tanoos,Democrat,FALSE,total,86895,244291,FALSE,20200424,36,64,,,,36,64
IN-09,Indiana,IN,18,32,22,US House,9,Trey Hollingsworth,Republican,FALSE,Liz Watson,Democrat,FALSE,total,118090,271361,FALSE,20200424,44,56,,,,44,56
KS-01,Kansas,KS,20,47,32,US House,1,Roger Marshall,Republican,FALSE,Alan LaPolice,Democrat,FALSE,total,71558,224640,FALSE,20200424,32,68,,,,32,68
KS-02,Kansas,KS,20,47,32,US House,2,Steve Watkins,Republican,FALSE,Paul Davis,Democrat,FALSE,total,123859,264688,FALSE,20200424,47,48,,,,47,48
KS-03,Kansas,KS,20,47,32,US House,3,Kevin Yoder,Republican,FALSE,Sharice Davids,Democrat,FALSE,total,170518,318301,FALSE,20200424,54,44,,,,54,44
KS-04,Kansas,KS,20,47,32,US House,4,Ron Estes,Republican,FALSE,James A. Thompson,Democrat,FALSE,total,98445,242693,FALSE,20200424,41,59,,,,41,59
KY-01,Kentucky,KY,21,61,51,US House,1,James R. Comer,Republican,FALSE,Paul Walker,Democrat,FALSE,total,78849,251016,FALSE,20200424,31,69,,,,31,69
KY-02,Kentucky,KY,21,61,51,US House,2,S. Brett Guthrie,Republican,FALSE,Hank Linderman,Democrat,FALSE,total,79964,257345,FALSE,20200424,31,67,,,,31,67
KY-03,Kentucky,KY,21,61,51,US House,3,Vickie Yates B. Glisson,Republican,FALSE,John A. Yarmuth,Democrat,FALSE,total,173002,278720,FALSE,20200424,62,37,,,,62,37
KY-04,Kentucky,KY,21,61,51,US House,4,Thomas Massie,Republican,FALSE,Seth Hall,Democrat,FALSE,total,90536,261812,FALSE,20200424,35,62,,,,35,62
KY-05,Kentucky,KY,21,61,51,US House,5,"Harold """"Hal"""" Rogers",Republican,FALSE,Kenneth S. Stepp,Democrat,FALSE,total,45890,218017,FALSE,20200424,21,79,,,,21,79
KY-06,Kentucky,KY,21,61,51,US House,6,Andy Barr,Republican,FALSE,Amy McGrath,Democrat,FALSE,total,144736,302888,FALSE,20200424,48,51,,,,48,51
LA-01,Louisiana,LA,22,72,45,US House,1,Steve Scalise,Republican,FALSE,Tammy M. Savoie,Democrat,FALSE,total,44273,269325,FALSE,20200424,16,71,,,,16,71
LA-02,Louisiana,LA,22,72,45,US House,2,No Major Opponent,,FALSE,Cedric Richmond,Democrat,FALSE,total,190182,235982,FALSE,20200424,81,81,,,*,81,81
LA-04,Louisiana,LA,22,72,45,US House,4,"""""Mike"""" Johnson",Republican,FALSE,Ryan Trundle,Democrat,FALSE,total,72934,216872,FALSE,20200424,34,64,,,,34,64
LA-05,Louisiana,LA,22,72,45,US House,5,Ralph Abraham,Republican,FALSE,Jessee Carlton Fleenor,Democrat,FALSE,total,67118,223946,FALSE,20200424,30,67,,,,30,67
LA-06,Louisiana,LA,22,72,45,US House,6,Garret Graves,Republican,FALSE,Justin Dewitt,Democrat,FALSE,total,21627,268525,FALSE,20200424,21,69,,,,21,69
MA-01,Massachusetts,MA,25,14,3,US House,1,No Major Opponent,,FALSE,Richard E. Neal,Democrat,FALSE,total,211790,216900,FALSE,20200424,38,38,,,*,38,38
MA-02,Massachusetts,MA,25,14,3,US House,2,Tracy Lyn Lovvorn,Republican,FALSE,James P. McGovern,Democrat,FALSE,total,191332,284893,FALSE,20200424,67,33,,,,67,33
MA-03,Massachusetts,MA,25,14,3,US House,3,Rick Green,Republican,FALSE,Lori Loureiro Trahan,Democrat,FALSE,total,173175,279327,FALSE,20200424,62,33,,,,62,33
MA-04,Massachusetts,MA,25,14,3,US House,4,No Major Opponent,,FALSE,"Joseph P. Kennedy, III",Democrat,FALSE,total,245289,251016,FALSE,20200424,98,98,,,*,98,98
MA-05,Massachusetts,MA,25,14,3,US House,5,John Hugo,Republican,FALSE,Katherine M. Clark,Democrat,FALSE,total,236243,311324,FALSE,20200424,76,24,,,,76,24
MA-06,Massachusetts,MA,25,14,3,US House,6,Joseph S. Schneider,Republican,FALSE,Seth W. Moulton,Democrat,FALSE,total,217703,333975,FALSE,20200424,65,31,,,,65,31
MA-07,Massachusetts,MA,25,14,3,US House,7,No Major Opponent,,FALSE,Ayanna S. Pressley,Democrat,FALSE,total,216559,220411,FALSE,20200424,98,98,,,*,98,98
MA-08,Massachusetts,MA,25,14,3,US House,8,No Major Opponent,,FALSE,Stephen F. Lynch,Democrat,FALSE,total,259159,263307,FALSE,20200424,98,98,,,*,98,98
MA-09,Massachusetts,MA,25,14,3,US House,9,Peter D. Tedeschi,Republican,FALSE,Bill Keating,Democrat,FALSE,total,192347,323928,FALSE,20200424,59,41,,,,59,41
MD-01,Maryland,MD,24,52,52,US House,1,Andy Harris,Republican,FALSE,Jesse Colvin,Democrat,FALSE,total,116631,306132,FALSE,20200424,38,60,,,,38,60
MD-02,Maryland,MD,24,52,52,US House,2,Liz Matory,Republican,FALSE,C.A. Dutch Ruppersberger,Democrat,FALSE,total,167201,253302,FALSE,20200424,66,31,,,,66,31
MD-03,Maryland,MD,24,52,52,US House,3,Charles Anthony,Republican,FALSE,John Sarbanes,Democrat,FALSE,total,202407,292880,FALSE,20200424,69,28,,,,69,28
MD-04,Maryland,MD,24,52,52,US House,4,George McDermott,Republican,FALSE,Anthony G. Brown,Democrat,FALSE,total,209642,268583,FALSE,20200424,78,20,,,,78,20
MD-05,Maryland,MD,24,52,52,US House,5,"William A. Devine, III",Republican,FALSE,Steny H. Hoyer,Democrat,FALSE,total,213796,304209,FALSE,20200424,70,27,,,,70,27
MD-06,Maryland,MD,24,52,52,US House,6,Amie Hoeber,Republican,FALSE,David Trone,Democrat,FALSE,total,163346,276974,FALSE,20200424,59,38,,,,59,38
MD-07,Maryland,MD,24,52,52,US House,7,Richmond Davis,Republican,FALSE,Elijah Cummings,Democrat,FALSE,total,202345,264710,FALSE,20200424,76,21,,,,76,21
MD-08,Maryland,MD,24,52,52,US House,8,John Walsh,Republican,FALSE,Jamie Raskin,Democrat,FALSE,total,217679,319330,FALSE,20200424,68,30,,,,68,30
ME-01,Maine,ME,23,11,2,US House,1,Mark I. Holbrook,Republican,FALSE,Chellie Pingree,Democrat,FALSE,total,201195,342053,FALSE,20200424,36,20,,,,36,20
ME-02,Maine,ME,23,11,2,US House,2,Bruce Poliquin,Republican,FALSE,Jared F. Golden,Democrat,FALSE,total,139231,281371,FALSE,20200424,51,49,,,,51,49
MI-01,Michigan,MI,26,34,23,US House,1,Jack Bergman,Republican,FALSE,Matthew W. Morgan,Democrat,FALSE,total,145246,332497,FALSE,20200424,44,56,,,,44,56
MI-02,Michigan,MI,26,34,23,US House,2,Bill Huizenga,Republican,FALSE,Rob Davidson,Democrat,FALSE,total,131254,305463,FALSE,20200424,43,55,,,,43,55
MI-03,Michigan,MI,26,34,23,US House,3,Justin Amash,Republican,FALSE,Cathy Albro,Democrat,FALSE,total,134185,310740,FALSE,20200424,43,54,,,,43,54
MI-04,Michigan,MI,26,34,23,US House,4,John Moolenaar,Republican,FALSE,Jerry Hilliard,Democrat,FALSE,total,106540,285050,FALSE,20200424,37,63,,,,37,63
MI-05,Michigan,MI,26,34,23,US House,5,Travis Wines,Republican,FALSE,Daniel T. Kildee,Democrat,FALSE,total,164502,276413,FALSE,20200424,60,36,,,,60,36
MI-06,Michigan,MI,26,34,23,US House,6,Fred Upton,Republican,FALSE,Matt Longjohn,Democrat,FALSE,total,134082,293438,FALSE,20200424,46,50,,,,46,50
MI-07,Michigan,MI,26,34,23,US House,7,Tim Walberg,Republican,FALSE,Gretchen Driskell,Democrat,FALSE,total,136330,295060,FALSE,20200424,46,54,,,,46,54
MI-08,Michigan,MI,26,34,23,US House,8,Mike Bishop,Republican,FALSE,Elissa Slotkin,Democrat,FALSE,total,172880,341593,FALSE,20200424,51,47,,,,51,47
MI-09,Michigan,MI,26,34,23,US House,9,Candius Stearns,Republican,FALSE,Andy Levin,Democrat,FALSE,total,181734,304563,FALSE,20200424,60,37,,,,60,37
MI-10,Michigan,MI,26,34,23,US House,10,Paul Mitchell,Republican,FALSE,Kimberly Bizon,Democrat,FALSE,total,106061,303064,FALSE,20200424,35,60,,,,35,60
MI-11,Michigan,MI,26,34,23,US House,11,Lena Epstein,Republican,FALSE,Haley Stevens,Democrat,FALSE,total,181912,350901,FALSE,20200424,52,45,,,,52,45
MI-12,Michigan,MI,26,34,23,US House,12,Jeff Jones,Republican,FALSE,Debbie Dingell,Democrat,FALSE,total,200588,294628,FALSE,20200424,68,29,,,,68,29
MI-13,Michigan,MI,26,34,23,US House,13,No Major Opponent,,FALSE,Rashida Tlaib,Democrat,FALSE,total,165355,196299,FALSE,20200424,84,84,,,*,84,84
MI-14,Michigan,MI,26,34,23,US House,14,Marc S. Herschfus,Republican,FALSE,Brenda Lawrence,Democrat,FALSE,total,214334,264994,FALSE,20200424,81,17,,,,81,17
MO-01,Missouri,MO,29,43,34,US House,1,Robert Vroman,Republican,FALSE,Lacy Clay,Democrat,FALSE,total,219781,274375,FALSE,20200424,80,17,,,,80,17
MO-02,Missouri,MO,29,43,34,US House,2,Ann Wagner,Republican,FALSE,Cort VanOstran,Democrat,FALSE,total,177611,376066,FALSE,20200424,47,51,,,,47,51
MO-03,Missouri,MO,29,43,34,US House,3,Blaine Luetkemeyer,Republican,FALSE,Katy Geppert,Democrat,FALSE,total,106589,324608,FALSE,20200424,33,65,,,,33,65
MO-04,Missouri,MO,29,43,34,US House,4,Vicky Hartzler,Republican,FALSE,Renee Hoagenson,Democrat,FALSE,total,95968,293316,FALSE,20200424,33,65,,,,33,65
MO-05,Missouri,MO,29,43,34,US House,5,Jacob Turk,Republican,FALSE,"Emanuel Cleaver, II",Democrat,FALSE,total,175019,283785,FALSE,20200424,62,36,,,,62,36
MO-06,Missouri,MO,29,43,34,US House,6,Sam Graves,Republican,FALSE,Henry Robert Martin,Democrat,FALSE,total,97660,305409,FALSE,20200424,32,65,,,,32,65
MO-07,Missouri,MO,29,43,34,US House,7,Billy Long,Republican,FALSE,Jamie Daniel Schoolcraft,Democrat,FALSE,total,89190,296455,FALSE,20200424,30,66,,,,30,66
MO-08,Missouri,MO,29,43,34,US House,8,Jason Smith,Republican,FALSE,Kathy Ellis,Democrat,FALSE,total,66151,264399,FALSE,20200424,25,73,,,,25,73
MS-01,Mississippi,MS,28,64,46,US House,1,Trent Kelly,Republican,FALSE,Randy Mack Wadkins,Democrat,FALSE,total,76601,236521,FALSE,20200424,32,67,,,,32,67
MS-02,Mississippi,MS,28,64,46,US House,2,No Major Opponent,,FALSE,Bennie G. Thompson,Democrat,FALSE,total,158921,221379,FALSE,20200424,72,72,,,*,72,72
MS-03,Mississippi,MS,28,64,46,US House,3,Michael Guest,Republican,FALSE,Michael Ted Evans,Democrat,FALSE,total,94461,257271,FALSE,20200424,37,62,,,,37,62
MS-04,Mississippi,MS,28,64,46,US House,4,Steven Palazzo,Republican,FALSE,Jeramey Anderson,Democrat,FALSE,total,68787,223732,FALSE,20200424,31,68,,,,31,68
MT-AL,Montana,MT,30,81,64,US House,0,Greg Gianforte,Republican,FALSE,Kathleen Williams,Democrat,FALSE,total,233284,504421,FALSE,20200424,46,51,,,,46,51
NC-01,North Carolina,NC,37,56,47,US House,1,Roger W. Allison,Republican,FALSE,G. K. Butterfield,Democrat,FALSE,total,190457,272675,TRUE,20200424,70,30,,,,70,30
NC-02,North Carolina,NC,37,56,47,US House,2,George Holding,Republican,FALSE,Linda Coleman,Democrat,FALSE,total,151977,331704,TRUE,20200424,46,51,,,,46,51
NC-04,North Carolina,NC,37,56,47,US House,4,Steve A. (Von) Loor,Republican,FALSE,David Price,Democrat,FALSE,total,247067,341403,TRUE,20200424,72,24,,,,72,24
NC-05,North Carolina,NC,37,56,47,US House,5,Virginia Foxx,Republican,FALSE,DD Adams,Democrat,FALSE,total,120468,280385,TRUE,20200424,43,57,,,,43,57
NC-06,North Carolina,NC,37,56,47,US House,6,B. Mark Walker,Republican,FALSE,Ryan Watts,Democrat,FALSE,total,123651,284360,TRUE,20200424,43,57,,,,43,57
NC-07,North Carolina,NC,37,56,47,US House,7,David Rouzer,Republican,FALSE,Kyle Horton,Democrat,FALSE,total,120838,282312,TRUE,20200424,43,56,,,,43,56
NC-08,North Carolina,NC,37,56,47,US House,8,Richard Hudson,Republican,FALSE,Frank McNeill,Democrat,FALSE,total,114119,255521,TRUE,20200424,45,55,,,,45,55
NC-09,North Carolina,NC,37,56,47,US House,9,Mark Harris,Republican,FALSE,Dan McCready,Democrat,FALSE,total,138341,282717,TRUE,20200424,49,49,,,,49,49
NC-10,North Carolina,NC,37,56,47,US House,10,Patrick McHenry,Republican,FALSE,David Wilson Brown,Democrat,FALSE,total,113259,278228,TRUE,20200424,41,59,,,,41,59
NC-11,North Carolina,NC,37,56,47,US House,11,Mark Meadows,Republican,FALSE,Phillip G. Price,Democrat,FALSE,total,116508,300666,TRUE,20200424,39,59,,,,39,59
NC-12,North Carolina,NC,37,56,47,US House,12,Paul Wright,Republican,FALSE,Alma Adams,Democrat,FALSE,total,203974,279138,TRUE,20200424,73,27,,,,73,27
NC-13,North Carolina,NC,37,56,47,US House,13,Ted Budd,Republican,FALSE,Kathy Manning,Democrat,FALSE,total,130402,286316,TRUE,20200424,46,52,,,,46,52
NE-01,Nebraska,NE,31,46,35,US House,1,Jeff Fortenberry,Republican,FALSE,Jessica McClure,Democrat,FALSE,total,93069,234781,FALSE,20200424,40,60,,,,40,60
NE-02,Nebraska,NE,31,46,35,US House,2,Don Bacon,Republican,FALSE,Kara Eastman,Democrat,FALSE,total,121770,248485,FALSE,20200424,49,51,,,,49,51
NE-03,Nebraska,NE,31,46,35,US House,3,Adrian Smith,Republican,FALSE,Paul Theobald,Democrat,FALSE,total,49654,213304,FALSE,20200424,23,77,,,,23,77
NH-01,New Hampshire,NH,33,12,4,US House,1,Eddie Edwards,Republican,FALSE,Chris Pappas,Democrat,FALSE,total,155884,291039,FALSE,20200424,54,45,,,,54,45
NH-02,New Hampshire,NH,33,12,4,US House,2,Steven Negron,Republican,FALSE,Anne McLane Kuster,Democrat,FALSE,total,155358,279705,FALSE,20200424,56,42,,,,56,42
NJ-01,New Jersey,NJ,34,22,12,US House,1,Paul E. Dilks,Republican,FALSE,Donald W. Norcross,Democrat,FALSE,total,169628,263418,FALSE,20200424,64,33,,,,64,33
NJ-02,New Jersey,NJ,34,22,12,US House,2,Seth Grossman,Republican,FALSE,Jeff Van Drew,Democrat,FALSE,total,136685,258363,FALSE,20200424,53,45,,,,53,45
NJ-03,New Jersey,NJ,34,22,12,US House,3,Tom MacArthur,Republican,FALSE,Andy Kim,Democrat,FALSE,total,153473,306875,FALSE,20200424,50,49,,,,50,49
NJ-04,New Jersey,NJ,34,22,12,US House,4,Christopher H. Smith,Republican,FALSE,Joshua Welle,Democrat,FALSE,total,126766,294348,FALSE,20200424,43,55,,,,43,55
NJ-05,New Jersey,NJ,34,22,12,US House,5,John J. McCann Jr.,Republican,FALSE,Josh Gottheimer,Democrat,FALSE,total,169546,301823,FALSE,20200424,56,42,,,,56,42
NJ-06,New Jersey,NJ,34,22,12,US House,6,Richard J. Pezzullo,Republican,FALSE,Frank Pallone Jr.,Democrat,FALSE,total,140752,221195,FALSE,20200424,64,36,,,,64,36
NJ-07,New Jersey,NJ,34,22,12,US House,7,Leonard Lance,Republican,FALSE,Tom Malinowski,Democrat,FALSE,total,166985,322742,FALSE,20200424,52,47,,,,52,47
NJ-08,New Jersey,NJ,34,22,12,US House,8,John R. Muniz,Republican,FALSE,Albio Sires,Democrat,FALSE,total,119881,153455,FALSE,20200424,78,19,,,,78,19
NJ-09,New Jersey,NJ,34,22,12,US House,9,Eric P. Fisher,Republican,FALSE,Bill Pascrell Jr.,Democrat,FALSE,total,140832,200416,FALSE,20200424,70,29,,,,70,29
NJ-10,New Jersey,NJ,34,22,12,US House,10,Agha Khan,Republican,FALSE,Donald M. Payne Jr.,Democrat,FALSE,total,175253,200159,FALSE,20200424,88,10,,,,88,10
NJ-11,New Jersey,NJ,34,22,12,US House,11,Jay Webber,Republican,FALSE,Mikie Sherrill,Democrat,FALSE,total,183684,323574,FALSE,20200424,57,42,,,,57,42
NJ-12,New Jersey,NJ,34,22,12,US House,12,Daryl Kipnis,Republican,FALSE,Bonnie Watson Coleman,Democrat,FALSE,total,173334,252375,FALSE,20200424,69,31,,,,69,31
NM-01,New Mexico,NM,35,85,66,US House,1,Janice E Arnold-Jones,Republican,FALSE,Debra A Haaland,Democrat,FALSE,total,147336,249162,FALSE,20200424,59,36,,,,59,36
NM-02,New Mexico,NM,35,85,66,US House,2,Yvette Herrell,Republican,FALSE,Xochitl Torres Small,Democrat,FALSE,total,101489,199256,FALSE,20200424,51,49,,,,51,49
NM-03,New Mexico,NM,35,85,66,US House,3,Jerald Steve McFall,Republican,FALSE,Ben R Lujan,Democrat,FALSE,total,155201,244893,FALSE,20200424,63,31,,,,63,31
NV-01,Nevada,NV,32,88,65,US House,1,Joyce Bentley,Republican,FALSE,Dina Titus,Democrat,FALSE,total,100707,152201,FALSE,20200424,66,31,,,,66,31
NV-02,Nevada,NV,32,88,65,US House,2,Mark E. Amodei,Republican,FALSE,Clint Koble,Democrat,FALSE,total,120102,287537,FALSE,20200424,42,58,,,,42,58
NV-03,Nevada,NV,32,88,65,US House,3,Danny Tarkanian,Republican,FALSE,Susie Lee,Democrat,FALSE,total,148501,286168,FALSE,20200424,52,43,,,,52,43
NV-04,Nevada,NV,32,88,65,US House,4,Cresent Hardy,Republican,FALSE,Steven A. Horsford,Democrat,FALSE,total,121962,234868,FALSE,20200424,52,44,,,,52,44
NY-01,New York,NY,36,21,13,US House,1,Lee M. Zeldin,Republican,FALSE,Perry Gershon,Democrat,FALSE,total,124213,270053,FALSE,20200424,46,45,,,,46,45
NY-02,New York,NY,36,21,13,US House,2,Peter T. King,Republican,FALSE,Liuba Grechen Shirley,Democrat,FALSE,total,108803,241217,FALSE,20200424,45,47,,,,45,47
NY-03,New York,NY,36,21,13,US House,3,Dan P. DeBono,Republican,FALSE,Thomas R. Suozzi,Democrat,FALSE,total,149937,267062,FALSE,20200424,56,37,,,,56,37
NY-04,New York,NY,36,21,13,US House,4,Ameer N. Benno,Republican,FALSE,Kathleen M. Rice,Democrat,FALSE,total,156728,260206,FALSE,20200424,60,35,,,,60,35
NY-05,New York,NY,36,21,13,US House,5,No Major Opponent,,FALSE,Gregory W. Meeks,Democrat,FALSE,total,160500,161471,FALSE,20200424,99,99,,,*,99,99
NY-06,New York,NY,36,21,13,US House,6,No Major Opponent,,FALSE,Grace Meng,Democrat,FALSE,total,104293,123421,FALSE,20200424,85,85,,,*,85,85
NY-07,New York,NY,36,21,13,US House,7,No Major Opponent,,FALSE,Nydia M. Velazquez,Democrat,FALSE,total,134125,157302,FALSE,20200424,85,85,,,*,85,85
NY-08,New York,NY,36,21,13,US House,8,No Major Opponent,,FALSE,Hakeem S. Jeffries,Democrat,FALSE,total,170850,191567,FALSE,20200424,89,89,,,*,89,89
NY-09,New York,NY,36,21,13,US House,9,Lutchi Gayot,Republican,FALSE,Yvette D. Clarke,Democrat,FALSE,total,167269,203423,FALSE,20200424,82,9,,,,82,9
NY-10,New York,NY,36,21,13,US House,10,Naomi Levin,Republican,FALSE,Jerrold L. Nadler,Democrat,FALSE,total,162131,210958,FALSE,20200424,77,16,,,,77,16
NY-11,New York,NY,36,21,13,US House,11,Dan Donovan,Republican,FALSE,Max N. Rose,Democrat,FALSE,total,96850,192173,FALSE,20200424,50,42,,,,50,42
NY-12,New York,NY,36,21,13,US House,12,Eliot Rabin,Republican,FALSE,Carolyn B. Maloney,Democrat,FALSE,total,205858,251877,FALSE,20200424,82,12,,,,82,12
NY-13,New York,NY,36,21,13,US House,13,Jineea Butler,Republican,FALSE,Adriano Espaillat,Democrat,FALSE,total,171341,190688,FALSE,20200424,90,5,,,,90,5
NY-14,New York,NY,36,21,13,US House,14,Anthony Pappas,Republican,FALSE,Alexandria Ocasio-Cortez,Democrat,FALSE,total,110318,141204,FALSE,20200424,78,14,,,,78,14
NY-15,New York,NY,36,21,13,US House,15,Jason D. Gonzalez,Republican,FALSE,Jose E. Serrano,Democrat,FALSE,total,122007,129751,FALSE,20200424,94,4,,,,94,4
NY-16,New York,NY,36,21,13,US House,16,No Major Opponent,,FALSE,Eliot L. Engel,Democrat,FALSE,total,172815,183356,FALSE,20200424,94,94,,,*,94,94
NY-17,New York,NY,36,21,13,US House,17,No Major Opponent,,FALSE,Nita M. Lowey,Democrat,FALSE,total,159923,193841,FALSE,20200424,83,83,,,*,83,83
NY-18,New York,NY,36,21,13,US House,18,James O'Donnell,Republican,FALSE,Sean Patrick Maloney,Democrat,FALSE,total,126368,251690,FALSE,20200424,50,38,,,,50,38
NY-19,New York,NY,36,21,13,US House,19,John J. Faso,Republican,FALSE,Antonio Delgado,Democrat,FALSE,total,135582,287986,FALSE,20200424,47,39,,,,47,39
NY-20,New York,NY,36,21,13,US House,20,Joe Vitollo,Republican,FALSE,Paul D. Tonko,Democrat,FALSE,total,161330,266014,FALSE,20200424,61,33,,,,61,33
NY-21,New York,NY,36,21,13,US House,21,Elise M. Stefanik,Republican,FALSE,Tedra L. Cobb,Democrat,FALSE,total,93394,235267,FALSE,20200424,40,49,,,,40,49
NY-22,New York,NY,36,21,13,US House,22,Claudia Tenney,Republican,FALSE,Anthony J. Brindisi,Democrat,FALSE,total,116001,251212,FALSE,20200424,46,44,,,,46,44
NY-23,New York,NY,36,21,13,US House,23,"Thomas W. Reed, II",Republican,FALSE,Tracy Mitrano,Democrat,FALSE,total,100914,240374,FALSE,20200424,42,48,,,,42,48
NY-24,New York,NY,36,21,13,US House,24,John M. Katko,Republican,FALSE,Dana Balter,Democrat,FALSE,total,115902,260477,FALSE,20200424,44,44,,,,44,44
NY-25,New York,NY,36,21,13,US House,25,Jim Maxwell,Republican,FALSE,Joseph D. Morelle,Democrat,FALSE,total,147979,270120,FALSE,20200424,55,34,,,,55,34
NY-26,New York,NY,36,21,13,US House,26,Renee M. Zeno,Republican,FALSE,Brian Higgins,Democrat,FALSE,total,156968,230663,FALSE,20200424,68,27,,,,68,27
NY-27,New York,NY,36,21,13,US House,27,Chris Collins,Republican,FALSE,Nathan D. McMurray,Democrat,FALSE,total,128167,285300,FALSE,20200424,45,40,,,,45,40
OH-01,Ohio,OH,39,31,24,US House,1,Steve Chabot,Republican,FALSE,Aftab Pureval,Democrat,FALSE,total,141118,300871,FALSE,20200424,47,51,,,,47,51
OH-02,Ohio,OH,39,31,24,US House,2,Brad Wenstrup,Republican,FALSE,Jill Schiller,Democrat,FALSE,total,119333,289661,FALSE,20200424,41,58,,,,41,58
OH-03,Ohio,OH,39,31,24,US House,3,Jim Burgess,Republican,FALSE,Joyce Beatty,Democrat,FALSE,total,181575,246677,FALSE,20200424,74,26,,,,74,26
OH-04,Ohio,OH,39,31,24,US House,4,Jim Jordan,Republican,FALSE,Janet Garrett,Democrat,FALSE,total,89412,257405,FALSE,20200424,35,65,,,,35,65
OH-05,Ohio,OH,39,31,24,US House,5,Bob Latta,Republican,FALSE,J. Michael Galbraith,Democrat,FALSE,total,99655,283617,FALSE,20200424,35,62,,,,35,62
OH-06,Ohio,OH,39,31,24,US House,6,Bill Johnson,Republican,FALSE,Shawna Roberts,Democrat,FALSE,total,76716,249490,FALSE,20200424,31,69,,,,31,69
OH-07,Ohio,OH,39,31,24,US House,7,Bob Gibbs,Republican,FALSE,Ken Harbaugh,Democrat,FALSE,total,107536,260653,FALSE,20200424,41,59,,,,41,59
OH-08,Ohio,OH,39,31,24,US House,8,Warren Davidson,Republican,FALSE,Vanessa Enoch,Democrat,FALSE,total,87281,261133,FALSE,20200424,33,67,,,,33,67
OH-09,Ohio,OH,39,31,24,US House,9,Steven W. Kraus,Republican,FALSE,Marcy Kaptur,Democrat,FALSE,total,157219,231937,FALSE,20200424,68,32,,,,68,32
OH-10,Ohio,OH,39,31,24,US House,10,Mike Turner,Republican,FALSE,Theresa A. Gasper,Democrat,FALSE,total,118785,281726,FALSE,20200424,42,56,,,,42,56
OH-11,Ohio,OH,39,31,24,US House,11,Beverly A. Goldstein,Republican,FALSE,Marcia L. Fudge,Democrat,FALSE,total,206138,250660,FALSE,20200424,82,18,,,,82,18
OH-12,Ohio,OH,39,31,24,US House,12,Troy Balderson,Republican,FALSE,Danny O'Connor,Democrat,FALSE,total,161251,341647,FALSE,20200424,47,51,,,,47,51
OH-13,Ohio,OH,39,31,24,US House,13,Chris DePizzo,Republican,FALSE,Tim Ryan,Democrat,FALSE,total,153323,251370,FALSE,20200424,61,39,,,,61,39
OH-14,Ohio,OH,39,31,24,US House,14,David P. Joyce,Republican,FALSE,Betsy Rader,Democrat,FALSE,total,137549,307358,FALSE,20200424,45,55,,,,45,55
OH-15,Ohio,OH,39,31,24,US House,15,Steve Stivers,Republican,FALSE,Rick Neal,Democrat,FALSE,total,116112,292443,FALSE,20200424,40,58,,,,40,58
OH-16,Ohio,OH,39,31,24,US House,16,Anthony Gonzalez,Republican,FALSE,Susan Moran Palmer,Democrat,FALSE,total,129681,299710,FALSE,20200424,43,57,,,,43,57
OK-01,Oklahoma,OK,40,73,53,US House,1,Kevin Hern,Republican,FALSE,Tim Gilpin,Democrat,FALSE,total,103042,253171,FALSE,20200424,41,59,,,,41,59
OK-02,Oklahoma,OK,40,73,53,US House,2,Markwayne Mullin,Republican,FALSE,Jason Nichols,Democrat,FALSE,total,65021,216002,FALSE,20200424,30,65,,,,30,65
OK-03,Oklahoma,OK,40,73,53,US House,3,Frank D. Lucas,Republican,FALSE,Frankie Robbins,Democrat,FALSE,total,61152,234065,FALSE,20200424,26,74,,,,26,74
OK-04,Oklahoma,OK,40,73,53,US House,4,Tom Cole,Republican,FALSE,Mary Brannon,Democrat,FALSE,total,78088,236638,FALSE,20200424,33,63,,,,33,63
OK-05,Oklahoma,OK,40,73,53,US House,5,Steve Russell,Republican,FALSE,Kendra Horn,Democrat,FALSE,total,121149,238960,FALSE,20200424,51,49,,,,51,49
OR-01,Oregon,OR,41,92,72,US House,1,John Verbeek,Republican,FALSE,Suzanne Bonamici,Democrat,FALSE,total,231198,363249,FALSE,20200424,64,32,,,,64,32
OR-02,Oregon,OR,41,92,72,US House,2,Greg Walden,Republican,FALSE,Jamie McLeod-Skinner,Democrat,FALSE,total,145298,368709,FALSE,20200424,39,56,,,,39,56
OR-03,Oregon,OR,41,92,72,US House,3,Tom Harrison,Republican,FALSE,Earl Blumenauer,Democrat,FALSE,total,279019,384326,FALSE,20200424,73,20,,,,73,20
OR-04,Oregon,OR,41,92,72,US House,4,Art Robinson,Republican,FALSE,Peter DeFazio,Democrat,FALSE,total,208710,372893,FALSE,20200424,56,41,,,,56,41
OR-05,Oregon,OR,41,92,72,US House,5,Mark Callahan,Republican,FALSE,Kurt Schrader,Democrat,FALSE,total,197187,358469,FALSE,20200424,55,42,,,,55,42
PA-01,Pennsylvania,PA,42,23,14,US House,1,Brian K__Fitzpatrick,Republican,FALSE,Henry Scott__Wallace,Democrat,FALSE,total,160745,329798,FALSE,20200424,49,51,,,,49,51
PA-02,Pennsylvania,PA,42,23,14,US House,2,David__Torres,Republican,FALSE,Brendan F__Boyle,Democrat,FALSE,total,159600,201982,FALSE,20200424,79,21,,,,79,21
PA-03,Pennsylvania,PA,42,23,14,US House,3,Bryan E__Leib,Republican,FALSE,Dwight__Evans,Democrat,FALSE,total,287610,307997,FALSE,20200424,93,7,,,,93,7
PA-04,Pennsylvania,PA,42,23,14,US House,4,Daniel__David,Republican,FALSE,Madeleine__Dean Cunnane,Democrat,FALSE,total,211524,332991,FALSE,20200424,64,36,,,,64,36
PA-05,Pennsylvania,PA,42,23,14,US House,5,Pearl__Kim,Republican,FALSE,Mary Gay__Scanlon,Democrat,FALSE,total,198639,304714,FALSE,20200424,65,35,,,,65,35
PA-06,Pennsylvania,PA,42,23,14,US House,6,Gregory Michael  Mccauley Sr.,Republican,FALSE,Christina Jampoler__Houlahan,Democrat,FALSE,total,177704,301828,FALSE,20200424,59,41,,,,59,41
PA-07,Pennsylvania,PA,42,23,14,US House,7,Martin W__Nothstein,Republican,FALSE,Susan Ellis__Wild,Democrat,FALSE,total,140813,263261,FALSE,20200424,53,43,,,,53,43
PA-08,Pennsylvania,PA,42,23,14,US House,8,John Robert__Chrin,Republican,FALSE,Matthew Alton__Cartwright,Democrat,FALSE,total,135603,248166,FALSE,20200424,55,45,,,,55,45
PA-09,Pennsylvania,PA,42,23,14,US House,9,Daniel__Meuser,Republican,FALSE,Dennis__Wolff,Democrat,FALSE,total,100204,248927,FALSE,20200424,40,60,,,,40,60
PA-10,Pennsylvania,PA,42,23,14,US House,10,Scott G__Perry,Republican,FALSE,George B__Scott,Democrat,FALSE,total,141668,291033,FALSE,20200424,49,51,,,,49,51
PA-11,Pennsylvania,PA,42,23,14,US House,11,Lloyd K__Smucker,Republican,FALSE,Jessica__King,Democrat,FALSE,total,113876,277584,FALSE,20200424,41,59,,,,41,59
PA-12,Pennsylvania,PA,42,23,14,US House,12,Thomas A__Marino,Republican,FALSE,Marc__Friedenberg,Democrat,FALSE,total,82825,243872,FALSE,20200424,34,66,,,,34,66
PA-13,Pennsylvania,PA,42,23,14,US House,13,John__Joyce,Republican,FALSE,Brent M__Ottaway,Democrat,FALSE,total,74733,253266,FALSE,20200424,30,70,,,,30,70
PA-14,Pennsylvania,PA,42,23,14,US House,14,Guy L__Reschenthaler,Republican,FALSE,Bibiana__Boerio,Democrat,FALSE,total,110051,261437,FALSE,20200424,42,58,,,,42,58
PA-15,Pennsylvania,PA,42,23,14,US House,15,Glenn William  Thompson Jr.,Republican,FALSE,Susan__Boser,Democrat,FALSE,total,78327,243572,FALSE,20200424,32,68,,,,32,68
PA-16,Pennsylvania,PA,42,23,14,US House,16,George J  Kelly Jr.,Republican,FALSE,Ronald A__Dinicola,Democrat,FALSE,total,124109,262396,FALSE,20200424,47,52,,,,47,52
PA-17,Pennsylvania,PA,42,23,14,US House,17,Keith__Rothfus,Republican,FALSE,Conor James__Lamb,Democrat,FALSE,total,183162,325579,FALSE,20200424,56,44,,,,56,44
PA-18,Pennsylvania,PA,42,23,14,US House,18,No Major Opponent,,FALSE,Michael F  Doyle Jr.,Democrat,FALSE,total,231472,231472,FALSE,20200424,100,100,,,*,100,100
RI-01,Rhode Island,RI,44,15,5,US House,1,Patrick J. Donovan,Republican,FALSE,David N. Cicilline,Democrat,FALSE,total,116099,174083,FALSE,20200424,67,33,,,,67,33
RI-02,Rhode Island,RI,44,15,5,US House,2,Salvatore G. Caiozzo,Republican,FALSE,James R. Langevin,Democrat,FALSE,total,126476,199197,FALSE,20200424,63,36,,,,63,36
SC-01,South Carolina,SC,45,57,48,US House,1,Katie Arrington,Republican,FALSE,Joe Cunningham,Democrat,FALSE,total,145455,287433,FALSE,20200424,51,49,,,,51,49
SC-02,South Carolina,SC,45,57,48,US House,2,Joe Wilson,Republican,FALSE,Sean Carrigan,Democrat,FALSE,total,109199,257139,FALSE,20200424,42,56,,,,42,56
SC-03,South Carolina,SC,45,57,48,US House,3,Jeff Duncan,Republican,FALSE,Mary Geren,Democrat,FALSE,total,70046,226204,FALSE,20200424,31,68,,,,31,68
SC-04,South Carolina,SC,45,57,48,US House,4,William Timmons,Republican,FALSE,Brandon P Brown,Democrat,FALSE,total,89182,243950,FALSE,20200424,37,60,,,,37,60
SC-05,South Carolina,SC,45,57,48,US House,5,Ralph W Norman,Republican,FALSE,Archie Parnell,Democrat,FALSE,total,103129,248579,FALSE,20200424,41,57,,,,41,57
SC-06,South Carolina,SC,45,57,48,US House,6,Gerhard R Gressmann,Republican,FALSE,James E Jim Clyburn,Democrat,FALSE,total,144765,206433,FALSE,20200424,70,28,,,,70,28
SC-07,South Carolina,SC,45,57,48,US House,7,Tom Rice,Republican,FALSE,Robert Williams,Democrat,FALSE,total,96564,239554,FALSE,20200424,40,60,,,,40,60
SD-AL,South Dakota,SD,46,45,37,US House,0,"Dustin """"Dusty"""" Johnson",Republican,FALSE,Tim Bjorkman,Democrat,FALSE,total,120816,335471,FALSE,20200424,36,60,,,,36,60
TN-01,Tennessee,TN,47,62,54,US House,1,Phil Roe,Republican,FALSE,Marty Olsen,Democrat,FALSE,total,47138,224282,FALSE,20200424,21,77,,,,21,77
TN-02,Tennessee,TN,47,62,54,US House,2,Tim Burchett,Republican,FALSE,Renee Hoyos,Democrat,FALSE,total,86668,262134,FALSE,20200424,33,66,,,,33,66
TN-03,Tennessee,TN,47,62,54,US House,3,Chuck Fleischmann,Republican,FALSE,Danielle Mitchell,Democrat,FALSE,total,84731,245765,FALSE,20200424,34,64,,,,34,64
TN-04,Tennessee,TN,47,62,54,US House,4,Scott DesJarlais,Republican,FALSE,Mariah Phillips,Democrat,FALSE,total,78065,232451,FALSE,20200424,34,63,,,,34,63
TN-05,Tennessee,TN,47,62,54,US House,5,Jody M. Ball,Republican,FALSE,Jim Cooper,Democrat,FALSE,total,177923,262248,FALSE,20200424,68,32,,,,68,32
TN-06,Tennessee,TN,47,62,54,US House,6,John Rose,Republican,FALSE,Dawn Barlow,Democrat,FALSE,total,70370,248740,FALSE,20200424,28,69,,,,28,69
TN-07,Tennessee,TN,47,62,54,US House,7,Mark E. Green,Republican,FALSE,Justin Kanew,Democrat,FALSE,total,81661,254384,FALSE,20200424,32,67,,,,32,67
TN-08,Tennessee,TN,47,62,54,US House,8,David Kustoff,Republican,FALSE,Erika Stotts Pearson,Democrat,FALSE,total,74755,248345,FALSE,20200424,30,68,,,,30,68
TN-09,Tennessee,TN,47,62,54,US House,9,Charlotte Bergmann,Republican,FALSE,Steve Cohen,Democrat,FALSE,total,145139,181476,FALSE,20200424,80,19,,,,80,19
TX-01,Texas,TX,48,74,49,US House,1,Louie Gohmert,Republican,FALSE,Shirley J. McKellar,Democrat,FALSE,total,61263,232720,FALSE,20200424,26,72,,,,26,72
TX-02,Texas,TX,48,74,49,US House,2,Dan Crenshaw,Republican,FALSE,Todd Litton,Democrat,FALSE,total,119992,263392,FALSE,20200424,46,53,,,,46,53
TX-03,Texas,TX,48,74,49,US House,3,Van Taylor,Republican,FALSE,Lorie Burch,Democrat,FALSE,total,138234,312511,FALSE,20200424,44,54,,,,44,54
TX-04,Texas,TX,48,74,49,US House,4,John Ratcliffe,Republican,FALSE,Catherine Krantz,Democrat,FALSE,total,57400,249245,FALSE,20200424,23,76,,,,23,76
TX-05,Texas,TX,48,74,49,US House,5,Lance Gooden,Republican,FALSE,Dan Wood,Democrat,FALSE,total,78666,209507,FALSE,20200424,38,62,,,,38,62
TX-06,Texas,TX,48,74,49,US House,6,Ron Wright,Republican,FALSE,Jana Lynne Sanchez,Democrat,FALSE,total,116350,256042,FALSE,20200424,45,53,,,,45,53
TX-07,Texas,TX,48,74,49,US House,7,John Culberson,Republican,FALSE,Lizzie Pannill Fletcher,Democrat,FALSE,total,127959,243601,FALSE,20200424,53,47,,,,53,47
TX-08,Texas,TX,48,74,49,US House,8,Kevin Brady,Republican,FALSE,Steven David,Democrat,FALSE,total,67930,273170,FALSE,20200424,25,73,,,,25,73
TX-09,Texas,TX,48,74,49,US House,9,No Major Opponent,,FALSE,Al Green,Democrat,FALSE,total,136256,153001,FALSE,20200424,89,89,,,*,89,89
TX-10,Texas,TX,48,74,49,US House,10,Michael T. McCaul,Republican,FALSE,Mike Siegel,Democrat,FALSE,total,144034,307827,FALSE,20200424,47,51,,,,47,51
TX-11,Texas,TX,48,74,49,US House,11,Mike Conaway,Republican,FALSE,Jennie Lou Leeder,Democrat,FALSE,total,40631,220377,FALSE,20200424,18,80,,,,18,80
TX-12,Texas,TX,48,74,49,US House,12,Kay Granger,Republican,FALSE,Vanessa Adia,Democrat,FALSE,total,90994,268491,FALSE,20200424,34,64,,,,34,64
TX-13,Texas,TX,48,74,49,US House,13,Mac Thornberry,Republican,FALSE,Greg Sagan,Democrat,FALSE,total,35083,207285,FALSE,20200424,17,82,,,,17,82
TX-14,Texas,TX,48,74,49,US House,14,Randy Weber,Republican,FALSE,Adrienne Bell,Democrat,FALSE,total,92212,234528,FALSE,20200424,39,59,,,,39,59
TX-15,Texas,TX,48,74,49,US House,15,Tim Westley,Republican,FALSE,Vicente Gonzalez,Democrat,FALSE,total,98333,164802,FALSE,20200424,60,39,,,,60,39
TX-16,Texas,TX,48,74,49,US House,16,Rick Seeberger,Republican,FALSE,Veronica Escobar,Democrat,FALSE,total,124437,181754,FALSE,20200424,68,27,,,,68,27
TX-17,Texas,TX,48,74,49,US House,17,Bill Flores,Republican,FALSE,Rick Kennedy,Democrat,FALSE,total,98070,237351,FALSE,20200424,41,57,,,,41,57
TX-18,Texas,TX,48,74,49,US House,18,Ava Reynero Pate,Republican,FALSE,Sheila Jackson Lee,Democrat,FALSE,total,138704,184332,FALSE,20200424,75,21,,,,75,21
TX-19,Texas,TX,48,74,49,US House,19,Jodey Arrington,Republican,FALSE,Miguel Levario,Democrat,FALSE,total,50039,201985,FALSE,20200424,25,75,,,,25,75
TX-20,Texas,TX,48,74,49,US House,20,No Major Opponent,,FALSE,Joaquin Castro,Democrat,FALSE,total,139038,171963,FALSE,20200424,81,81,,,*,81,81
TX-21,Texas,TX,48,74,49,US House,21,Chip Roy,Republican,FALSE,Joseph Kopser,Democrat,FALSE,total,168421,353617,FALSE,20200424,48,50,,,,48,50
TX-22,Texas,TX,48,74,49,US House,22,Pete Olson,Republican,FALSE,Sri Preston Kulkarni,Democrat,FALSE,total,138153,297405,FALSE,20200424,46,51,,,,46,51
TX-23,Texas,TX,48,74,49,US House,23,Will Hurd,Republican,FALSE,Gina Ortiz Jones,Democrat,FALSE,total,102359,210069,FALSE,20200424,49,49,,,,49,49
TX-24,Texas,TX,48,74,49,US House,24,Kenny E Marchant,Republican,FALSE,Jan McDowell,Democrat,FALSE,total,125231,263418,FALSE,20200424,48,51,,,,48,51
TX-25,Texas,TX,48,74,49,US House,25,Roger Williams,Republican,FALSE,Julie Oliver,Democrat,FALSE,total,136385,304553,FALSE,20200424,45,54,,,,45,54
TX-26,Texas,TX,48,74,49,US House,26,Michael C. Burgess,Republican,FALSE,Linsey Fagan,Democrat,FALSE,total,121938,312505,FALSE,20200424,39,59,,,,39,59
TX-27,Texas,TX,48,74,49,US House,27,Michael Cloud,Republican,FALSE,Eric Holguin,Democrat,FALSE,total,75929,207421,FALSE,20200424,37,60,,,,37,60
TX-28,Texas,TX,48,74,49,US House,28,No Major Opponent,,FALSE,Henry Cuellar,Democrat,FALSE,total,117494,139226,FALSE,20200424,84,84,,,*,84,84
TX-29,Texas,TX,48,74,49,US House,29,Phillip Aronoff,Republican,FALSE,Sylvia R. Garcia,Democrat,FALSE,total,88188,117494,FALSE,20200424,75,24,,,,75,24
TX-30,Texas,TX,48,74,49,US House,30,No Major Opponent,,FALSE,Eddie Bernice Johnson,Democrat,FALSE,total,166784,183174,FALSE,20200424,91,91,,,*,91,91
TX-31,Texas,TX,48,74,49,US House,31,John Carter,Republican,FALSE,"Mary Jennings """"""""MJ"""""""" Hegar",Democrat,FALSE,total,136362,286007,FALSE,20200424,48,51,,,,48,51
TX-32,Texas,TX,48,74,49,US House,32,Pete Sessions,Republican,FALSE,Colin Allred,Democrat,FALSE,total,144067,275620,FALSE,20200424,52,46,,,,52,46
TX-33,Texas,TX,48,74,49,US House,33,Willie Billups,Republican,FALSE,Marc Veasey,Democrat,FALSE,total,90805,119224,FALSE,20200424,76,22,,,,76,22
TX-34,Texas,TX,48,74,49,US House,34,Rey Gonzalez,Republican,FALSE,Filemon B. Vela,Democrat,FALSE,total,85825,143068,FALSE,20200424,60,40,,,,60,40
TX-35,Texas,TX,48,74,49,US House,35,David Smalling,Republican,FALSE,Lloyd Doggett,Democrat,FALSE,total,138278,194067,FALSE,20200424,71,26,,,,71,26
TX-36,Texas,TX,48,74,49,US House,36,Brian Babin,Republican,FALSE,Dayna Steele,Democrat,FALSE,total,60908,221956,FALSE,20200424,27,73,,,,27,73
UT-01,Utah,UT,49,87,67,US House,1,Rob Bishop,Republican,FALSE,Lee Castillo,Democrat,FALSE,total,63308,254333,FALSE,20200424,25,62,,,,25,62
UT-02,Utah,UT,49,87,67,US House,2,Chris Stewart,Republican,FALSE,Shireen Ghorbani,Democrat,FALSE,total,105051,270044,FALSE,20200424,39,56,,,,39,56
UT-03,Utah,UT,49,87,67,US House,3,John Curtis,Republican,FALSE,James Courage Singer,Democrat,FALSE,total,70686,258858,FALSE,20200424,27,68,,,,27,68
UT-04,Utah,UT,49,87,67,US House,4,Mia B. Love,Republican,FALSE,Ben McAdams,Democrat,FALSE,total,134964,269271,FALSE,20200424,50,50,,,,50,50
VA-01,Virginia,VA,51,54,40,US House,1,"Robert J. """"Rob"""" Wittman",Republican,FALSE,Vangie A. Williams,Democrat,FALSE,total,148464,332101,FALSE,20200424,45,55,,,,45,55
VA-02,Virginia,VA,51,54,40,US House,2,Scott W. Taylor,Republican,FALSE,Elaine G. Luria,Democrat,FALSE,total,139571,273400,FALSE,20200424,51,49,,,,51,49
VA-03,Virginia,VA,51,54,40,US House,3,No Major Opponent,,FALSE,"Robert C. """"Bobby"""" Scott",Democrat,FALSE,total,198615,217722,FALSE,20200424,91,91,,,*,91,91
VA-04,Virginia,VA,51,54,40,US House,4,Ryan A. McAdams,Republican,FALSE,A. Donald McEachin,Democrat,FALSE,total,187642,299854,FALSE,20200424,63,36,,,,63,36
VA-05,Virginia,VA,51,54,40,US House,5,"Denver L. Riggleman, III",Republican,FALSE,Leslie C. Cockburn,Democrat,FALSE,total,145040,310926,FALSE,20200424,47,53,,,,47,53
VA-06,Virginia,VA,51,54,40,US House,6,Ben L. Cline,Republican,FALSE,Jennifer Lynn Lewis,Democrat,FALSE,total,113133,281377,FALSE,20200424,40,60,,,,40,60
VA-07,Virginia,VA,51,54,40,US House,7,Dave A. Brat,Republican,FALSE,Abigail A. Spanberger,Democrat,FALSE,total,176079,349803,FALSE,20200424,50,48,,,,50,48
VA-08,Virginia,VA,51,54,40,US House,8,Thomas S. Oh,Republican,FALSE,"Donald S. Beyer, Jr.",Democrat,FALSE,total,247137,324748,FALSE,20200424,76,24,,,,76,24
VA-09,Virginia,VA,51,54,40,US House,9,H. Morgan Griffith,Republican,FALSE,Anthony J. Flaccavento,Democrat,FALSE,total,85833,246980,FALSE,20200424,35,65,,,,35,65
VA-10,Virginia,VA,51,54,40,US House,10,Barbara J. Comstock,Republican,FALSE,Jennifer T. Wexton,Democrat,FALSE,total,206356,367795,FALSE,20200424,56,44,,,,56,44
VA-11,Virginia,VA,51,54,40,US House,11,Jeff A. Dove Jr.,Republican,FALSE,Gerald Edward Connolly,Democrat,FALSE,total,219191,308250,FALSE,20200424,71,27,,,,71,27
VT-AL,Vermont,VT,50,13,6,US House,0,Anya Tynio,Republican,FALSE,Peter Welch,Democrat,FALSE,total,188547,272451,FALSE,20200424,69,26,,,,69,26
WA-01,Washington,WA,53,91,73,US House,1,Jeffrey Beeler,Republican,FALSE,Suzan DelBene,Democrat,FALSE,total,197209,332743,FALSE,20200424,59,41,,,,59,41
WA-02,Washington,WA,53,91,73,US House,2,No Major Opponent,,FALSE,Rick Larsen,Democrat,FALSE,total,210187,294833,FALSE,20200424,71,71,,,*,71,71
WA-03,Washington,WA,53,91,73,US House,3,Jaime Herrera Beutler,Republican,FALSE,Carolyn Long,Democrat,FALSE,total,145407,307226,FALSE,20200424,47,53,,,,47,53
WA-04,Washington,WA,53,91,73,US House,4,Dan Newhouse,Republican,FALSE,Christine Brown,Democrat,FALSE,total,83785,225336,FALSE,20200424,37,63,,,,37,63
WA-05,Washington,WA,53,91,73,US House,5,Cathy McMorris Rodgers,Republican,FALSE,Lisa Brown,Democrat,FALSE,total,144925,320347,FALSE,20200424,45,55,,,,45,55
WA-06,Washington,WA,53,91,73,US House,6,Douglas Dightman,Republican,FALSE,Derek Kilmer,Democrat,FALSE,total,206409,323086,FALSE,20200424,64,36,,,,64,36
WA-07,Washington,WA,53,91,73,US House,7,Craig Keller,Republican,FALSE,Pramila Jayapal,Democrat,FALSE,total,329800,394681,FALSE,20200424,84,16,,,,84,16
WA-08,Washington,WA,53,91,73,US House,8,Dino Rossi,Republican,FALSE,Kim Schrier,Democrat,FALSE,total,164089,313057,FALSE,20200424,52,48,,,,52,48
WA-09,Washington,WA,53,91,73,US House,9,Sarah Smith,Democrat,FALSE,Adam Smith,Democrat,FALSE,total,163345,240567,FALSE,20200424,68,32,,,,68,32
WA-10,Washington,WA,53,91,73,US House,10,Joseph Brumbles,Republican,FALSE,Denny Heck,Democrat,FALSE,total,166215,270075,FALSE,20200424,62,38,,,,62,38
WI-01,Wisconsin,WI,55,35,25,US House,1,Bryan Steil,Republican,FALSE,Randy Bryce,Democrat,FALSE,total,137508,325317,FALSE,20200424,42,55,,,,42,55
WI-02,Wisconsin,WI,55,35,25,US House,2,No Major Opponent,,FALSE,Mark Pocan,Democrat,FALSE,total,309116,317295,FALSE,20200424,97,97,,,*,97,97
WI-03,Wisconsin,WI,55,35,25,US House,3,Steve Toft,Republican,FALSE,Ron Kind,Democrat,FALSE,total,187888,314989,FALSE,20200424,60,40,,,,60,40
WI-04,Wisconsin,WI,55,35,25,US House,4,Tim Rogers,Republican,FALSE,Gwen S. Moore,Democrat,FALSE,total,206487,273087,FALSE,20200424,76,22,,,,76,22
WI-05,Wisconsin,WI,55,35,25,US House,5,"F. James Sensenbrenner, Jr.",Republican,FALSE,Tom Palzewicz,Democrat,FALSE,total,138385,364288,FALSE,20200424,38,62,,,,38,62
WI-06,Wisconsin,WI,55,35,25,US House,6,Glenn Grothman,Republican,FALSE,Dan Kohl,Democrat,FALSE,total,144536,325065,FALSE,20200424,44,55,,,,44,55
WI-07,Wisconsin,WI,55,35,25,US House,7,Sean P. Duffy,Republican,FALSE,Margaret Engebretson,Democrat,FALSE,total,124307,322840,FALSE,20200424,39,60,,,,39,60
WI-08,Wisconsin,WI,55,35,25,US House,8,Mike Gallagher,Republican,FALSE,Beau Liegeois,Democrat,FALSE,total,119265,328774,FALSE,20200424,36,64,,,,36,64
WV-01,West Virginia,WV,54,55,56,US House,1,David B McKinley,Republican,FALSE,Kendra Fershee,Democrat,FALSE,total,70217,198214,TRUE,20200424,35,65,,,,35,65
WV-02,West Virginia,WV,54,55,56,US House,2,Alex X. Mooney,Republican,FALSE,Talley Sergent,Democrat,FALSE,total,88011,204792,TRUE,20200424,43,54,,,,43,54
WV-03,West Virginia,WV,54,55,56,US House,3,Carol Miller,Republican,FALSE,Richard Ojeda II,Democrat,FALSE,total,76340,174985,TRUE,20200424,44,56,,,,44,56
WY-AL,Wyoming,WY,56,83,68,US House,0,Liz Cheney,Republican,FALSE,Greg Hunter,Democrat,FALSE,total,59903,201245,FALSE,20200424,30,64,,,,30,64
MN-01,Minnesota,MN,27,41,33,US House,1,Jim Hagedorn,Republican,FALSE,Dan Feehan,Democrat,FALSE,total,144885,291661,FALSE,20200424,50,50,,,,50,50
MN-02,Minnesota,MN,27,41,33,US House,2,Jason Lewis,Republican,FALSE,Angie Craig,Democrat,FALSE,total,177958,337968,FALSE,20200424,53,47,,,,53,47
MN-03,Minnesota,MN,27,41,33,US House,3,Erik Paulsen,Republican,FALSE,Dean Phillips,Democrat,FALSE,total,202404,363949,FALSE,20200424,56,44,,,,56,44
MN-04,Minnesota,MN,27,41,33,US House,4,Greg Ryan,Republican,FALSE,Betty McCollum,Democrat,FALSE,total,216865,328614,FALSE,20200424,66,30,,,,66,30
MN-05,Minnesota,MN,27,41,33,US House,5,Jennifer Zielinski,Republican,FALSE,Ilhan Omar,Democrat,FALSE,total,267703,343358,FALSE,20200424,78,22,,,,78,22
MN-06,Minnesota,MN,27,41,33,US House,6,Tom Emmer,Republican,FALSE,Ian Todd,Democrat,FALSE,total,122332,315726,FALSE,20200424,39,61,,,,39,61
MN-07,Minnesota,MN,27,41,33,US House,7,Dave Hughes,Republican,FALSE,Collin C. Peterson,Democrat,FALSE,total,146672,281509,FALSE,20200424,52,48,,,,52,48
MN-08,Minnesota,MN,27,41,33,US House,8,Pete Stauber,Republican,FALSE,Joe Radinovich,Democrat,FALSE,total,141950,314211,FALSE,20200424,45,51,,,,45,51
ND-AL,North Dakota,ND,38,44,36,US House,0,Kelly Armstrong,Republican,FALSE,Mac Schneider,Democrat,FALSE,total,114377,321532,FALSE,20200424,36,60,,,,36,60
CA-08,California,CA,6,93,71,US House,8,Tim Donnelly,Republican,FALSE,Paul Cook,Republican,FALSE,total,102415,170785,FALSE,20200424,60,40,,,*,60,40
GA-08,Georgia,GA,13,58,44,US House,8,No Major Opponent,,FALSE,Austin Scott,Republican,FALSE,total,198152,198152,FALSE,20200424,100,100,,,*,100,100
LA-03,Louisiana,LA,22,72,45,US House,3,Clay Higgins,Republican,FALSE,"""""Josh"""" Guillory",Republican,FALSE,total,31387,245943,FALSE,20200424,13,56,,,*,13,56
NC-03,North Carolina,NC,37,56,47,US House,3,No Major Opponent,,FALSE,Walter B. Jones,Republican,FALSE,total,187901,187901,TRUE,20200424,100,100,,,*,100,100
